{"cameraMode":{"drawMode":0,"name":"Shaded","section":"Shading Mode"},"sceneLighting":false,"audioPlay":false,"sceneViewState":{"m_AlwaysRefresh":false,"showFog":true,"showSkybox":false,"showFlares":true,"showImageEffects":true,"showParticleSystems":true,"showVisualEffectGraphs":true,"m_FxEnabled":true},"in2DMode":false,"pivot":{"x":0.2680799663066864,"y":0.17474573850631715,"z":0.25737249851226809},"rotation":{"x":-0.10202305018901825,"y":0.8548144698143005,"z":-0.18381500244140626,"w":-0.47445258498191836},"size":0.6495190858840942,"orthographic":false}